序号,级别,编号1,编号2,编号3,编号4,类别,x,y,z,粗细,成熟度,上节点,下节点
0,1,,0,,,原点,0.0,0.0,0.0,0.2,1.0,,
1,1,,1,,,末端点,0.0,0.0,-12.0,0.06,1.0,0,
2,2,,2,,,分支点,-1.1065,0.1785,-7.4265,0.1343,0.825,0,
3,2,,3,,,末端点,0.2474,4.9937,-10.7403,0.0403,0.825,2,
4,3,,4,,,分支点,1.0141,2.3409,-10.2321,0.0844,0.65,2,
5,3,,5,,,末端点,2.6787,4.7777,-10.772,0.0253,0.65,4,
6,3,,6,,,分支点,0.969,2.2913,-10.2394,0.0902,0.65,2,
7,3,,7,,,末端点,-0.5005,3.4576,-12.5804,0.027,0.65,6,
8,2,,8,,,分支点,-1.5345,0.5667,-7.6937,0.12,0.825,0,
9,2,,9,,,末端点,1.1233,1.048,-13.0513,0.036,0.825,8,
10,3,,10,,,分支点,0.8173,1.465,-11.7108,0.0703,0.65,8,
11,3,,11,,,末端点,2.4971,3.2591,-13.4311,0.0211,0.65,10,
12,3,,12,,,分支点,0.5745,1.2735,-11.3743,0.0771,0.65,8,
13,3,,13,,,末端点,3.5712,1.1965,-11.4908,0.0231,0.65,12,
14,2,,14,,,分支点,-1.7657,0.9596,-8.4325,0.0943,0.825,0,
15,2,,15,,,末端点,-2.7731,-2.0122,-13.5466,0.0283,0.825,14,
16,3,,16,,,分支点,-2.3331,-1.6695,-12.3317,0.0498,0.65,14,
17,3,,17,,,末端点,-4.2421,-2.9373,-14.2679,0.015,0.65,16,
18,3,,18,,,分支点,-2.1994,-0.6459,-11.1362,0.0781,0.65,14,
19,3,,19,,,末端点,-1.5851,-3.3201,-12.3491,0.0234,0.65,18,
20,1,0,0,,21,首节点,0.0,0.0,0.0,0.2,1.0,0,
21,1,0,1,20,22,采样点,0.0716,-0.1262,-0.722,0.1971,1.0,,
22,1,0,2,21,23,采样点,0.1259,-0.2346,-1.3944,0.1943,1.0,,
23,1,0,3,22,24,采样点,0.1638,-0.326,-2.0192,0.1914,1.0,,
24,1,0,4,23,25,采样点,0.1864,-0.4013,-2.5982,0.1886,1.0,,
25,1,0,5,24,26,采样点,0.1944,-0.4612,-3.1334,0.1857,1.0,,
26,1,0,6,25,27,采样点,0.1887,-0.5065,-3.6267,0.1829,1.0,,
27,1,0,7,26,28,采样点,0.1704,-0.5381,-4.0799,0.18,1.0,,
28,1,0,8,27,29,采样点,0.1403,-0.5566,-4.4949,0.1771,1.0,,
29,1,0,9,28,30,采样点,0.0993,-0.563,-4.8736,0.1743,1.0,,
30,1,0,10,29,31,采样点,0.0484,-0.5581,-5.218,0.1714,1.0,,
31,1,0,11,30,32,采样点,-0.0116,-0.5425,-5.5298,0.1686,1.0,,
32,1,0,12,31,33,采样点,-0.0798,-0.5172,-5.8111,0.1657,1.0,,
33,1,0,13,32,34,采样点,-0.1552,-0.4829,-6.0636,0.1629,1.0,,
34,1,0,14,33,35,采样点,-0.2369,-0.4404,-6.2894,0.16,1.0,,
35,1,0,15,34,36,采样点,-0.324,-0.3905,-6.4902,0.1571,1.0,,
36,1,0,16,35,37,采样点,-0.4157,-0.3341,-6.6679,0.1543,1.0,,
37,1,0,17,36,38,采样点,-0.5109,-0.2718,-6.8246,0.1514,1.0,,
38,1,0,18,37,39,采样点,-0.6088,-0.2046,-6.962,0.1486,1.0,,
39,1,0,19,38,40,采样点,-0.7084,-0.1332,-7.082,0.1457,1.0,,
40,1,0,20,39,41,采样点,-0.8089,-0.0583,-7.1866,0.1429,1.0,,
41,1,0,21,40,42,采样点,-0.9094,0.0191,-7.2776,0.14,1.0,,
42,1,0,22,41,43,采样点,-1.0089,0.0983,-7.3569,0.1371,1.0,,
43,1,0,23,42,44,采样点,-1.1065,0.1785,-7.4265,0.1343,1.0,,
44,1,0,24,43,45,采样点,-1.2014,0.259,-7.4881,0.1314,1.0,,
45,1,0,25,44,46,采样点,-1.2925,0.3388,-7.5438,0.1286,1.0,,
46,1,0,26,45,47,采样点,-1.379,0.4172,-7.5953,0.1257,1.0,,
47,1,0,27,46,48,采样点,-1.46,0.4935,-7.6446,0.1229,1.0,,
48,1,0,28,47,49,采样点,-1.5345,0.5667,-7.6937,0.12,1.0,,
49,1,0,29,48,50,采样点,-1.6018,0.6362,-7.7442,0.1171,1.0,,
50,1,0,30,49,51,采样点,-1.6607,0.701,-7.7983,0.1143,1.0,,
51,1,0,31,50,52,采样点,-1.7105,0.7605,-7.8577,0.1114,1.0,,
52,1,0,32,51,53,采样点,-1.7502,0.8138,-7.9243,0.1086,1.0,,
53,1,0,33,52,54,采样点,-1.7789,0.8601,-8.0001,0.1057,1.0,,
54,1,0,34,53,55,采样点,-1.7957,0.8986,-8.0869,0.1029,1.0,,
55,1,0,35,54,56,采样点,-1.7997,0.9286,-8.1867,0.1,1.0,,
56,1,0,36,55,57,采样点,-1.79,0.9492,-8.3012,0.0971,1.0,,
57,1,0,37,56,58,采样点,-1.7657,0.9596,-8.4325,0.0943,1.0,,
58,1,0,38,57,59,采样点,-1.7257,0.959,-8.5824,0.0914,1.0,,
59,1,0,39,58,60,采样点,-1.6694,0.9466,-8.7528,0.0886,1.0,,
60,1,0,40,59,61,采样点,-1.5956,0.9217,-8.9455,0.0857,1.0,,
61,1,0,41,60,62,采样点,-1.5036,0.8834,-9.1625,0.0829,1.0,,
62,1,0,42,61,63,采样点,-1.3924,0.831,-9.4058,0.08,1.0,,
63,1,0,43,62,64,采样点,-1.2611,0.7635,-9.677,0.0771,1.0,,
64,1,0,44,63,65,采样点,-1.1088,0.6803,-9.9783,0.0743,1.0,,
65,1,0,45,64,66,采样点,-0.9345,0.5806,-10.3113,0.0714,1.0,,
66,1,0,46,65,67,采样点,-0.7374,0.4635,-10.6782,0.0686,1.0,,
67,1,0,47,66,68,采样点,-0.5166,0.3282,-11.0806,0.0657,1.0,,
68,1,0,48,67,69,采样点,-0.2711,0.174,-11.5206,0.0629,1.0,,
69,1,0,49,68,,末节点,0.0,0.0,-12.0,0.06,1.0,,1
70,1,0,50,,,控制点1,1.3148,-2.21,-12.2067,0.2,1.0,,
71,1,0,51,,,控制点2,-4.6413,3.0074,-3.8375,0.2,1.0,,
72,2,1,0,,73,首节点,-1.1065,0.1785,-7.4265,0.1343,0.825,2,
73,2,1,1,72,74,采样点,-0.9411,0.4093,-7.7187,0.1324,0.825,,
74,2,1,2,73,75,采样点,-0.7834,0.6217,-7.9906,0.1304,0.825,,
75,2,1,3,74,76,采样点,-0.6333,0.8166,-8.2428,0.1285,0.825,,
76,2,1,4,75,77,采样点,-0.4907,0.9947,-8.4761,0.1266,0.825,,
77,2,1,5,76,78,采样点,-0.3554,1.1569,-8.6911,0.1247,0.825,,
78,2,1,6,77,79,采样点,-0.2273,1.304,-8.8885,0.1228,0.825,,
79,2,1,7,78,80,采样点,-0.1063,1.4369,-9.0691,0.1209,0.825,,
80,2,1,8,79,81,采样点,0.0077,1.5563,-9.2335,0.1189,0.825,,
81,2,1,9,80,82,采样点,0.1149,1.6631,-9.3825,0.117,0.825,,
82,2,1,10,81,83,采样点,0.2154,1.758,-9.5167,0.1151,0.825,,
83,2,1,11,82,84,采样点,0.3094,1.842,-9.6369,0.1132,0.825,,
84,2,1,12,83,85,采样点,0.3968,1.9158,-9.7437,0.1113,0.825,,
85,2,1,13,84,86,采样点,0.478,1.9803,-9.8379,0.1093,0.825,,
86,2,1,14,85,87,采样点,0.5529,2.0363,-9.9202,0.1074,0.825,,
87,2,1,15,86,88,采样点,0.6217,2.0845,-9.9912,0.1055,0.825,,
88,2,1,16,87,89,采样点,0.6846,2.1258,-10.0517,0.1036,0.825,,
89,2,1,17,88,90,采样点,0.7417,2.1611,-10.1024,0.1017,0.825,,
90,2,1,18,89,91,采样点,0.7931,2.1912,-10.1439,0.0998,0.825,,
91,2,1,19,90,92,采样点,0.8389,2.2168,-10.177,0.0978,0.825,,
92,2,1,20,91,93,采样点,0.8793,2.2388,-10.2024,0.0959,0.825,,
93,2,1,21,92,94,采样点,0.9143,2.258,-10.2208,0.094,0.825,,
94,2,1,22,93,95,采样点,0.9442,2.2752,-10.2329,0.0921,0.825,,
95,2,1,23,94,96,采样点,0.969,2.2913,-10.2394,0.0902,0.825,,
96,2,1,24,95,97,采样点,0.9888,2.3071,-10.2409,0.0882,0.825,,
97,2,1,25,96,98,采样点,1.0038,2.3233,-10.2383,0.0863,0.825,,
98,2,1,26,97,99,采样点,1.0141,2.3409,-10.2321,0.0844,0.825,,
99,2,1,27,98,100,采样点,1.0199,2.3606,-10.2231,0.0825,0.825,,
100,2,1,28,99,101,采样点,1.0212,2.3833,-10.2121,0.0806,0.825,,
101,2,1,29,100,102,采样点,1.0183,2.4097,-10.1996,0.0787,0.825,,
102,2,1,30,101,103,采样点,1.0111,2.4408,-10.1865,0.0767,0.825,,
103,2,1,31,102,104,采样点,0.9999,2.4772,-10.1734,0.0748,0.825,,
104,2,1,32,103,105,采样点,0.9847,2.5199,-10.161,0.0729,0.825,,
105,2,1,33,104,106,采样点,0.9657,2.5696,-10.15,0.071,0.825,,
106,2,1,34,105,107,采样点,0.9431,2.6272,-10.1411,0.0691,0.825,,
107,2,1,35,106,108,采样点,0.9169,2.6935,-10.135,0.0671,0.825,,
108,2,1,36,107,109,采样点,0.8873,2.7693,-10.1325,0.0652,0.825,,
109,2,1,37,108,110,采样点,0.8543,2.8554,-10.1342,0.0633,0.825,,
110,2,1,38,109,111,采样点,0.8182,2.9527,-10.1408,0.0614,0.825,,
111,2,1,39,110,112,采样点,0.7791,3.062,-10.1531,0.0595,0.825,,
112,2,1,40,111,113,采样点,0.737,3.1841,-10.1717,0.0576,0.825,,
113,2,1,41,112,114,采样点,0.6921,3.3198,-10.1973,0.0556,0.825,,
114,2,1,42,113,115,采样点,0.6445,3.4699,-10.2307,0.0537,0.825,,
115,2,1,43,114,116,采样点,0.5944,3.6352,-10.2726,0.0518,0.825,,
116,2,1,44,115,117,采样点,0.5419,3.8167,-10.3236,0.0499,0.825,,
117,2,1,45,116,118,采样点,0.4871,4.015,-10.3844,0.048,0.825,,
118,2,1,46,117,119,采样点,0.4301,4.231,-10.4558,0.046,0.825,,
119,2,1,47,118,120,采样点,0.3711,4.4656,-10.5384,0.0441,0.825,,
120,2,1,48,119,121,采样点,0.3101,4.7196,-10.633,0.0422,0.825,,
121,2,1,49,120,,末节点,0.2474,4.9937,-10.7403,0.0403,0.825,,3
122,2,1,50,,,控制点1,1.6588,4.1022,-12.3702,0.1343,0.825,,
123,2,1,51,,,控制点2,1.286,0.3473,-8.881,0.1343,0.825,,
124,3,2,0,,125,首节点,1.0141,2.3409,-10.2321,0.0844,0.65,4,
125,3,2,1,124,126,采样点,1.0685,2.3847,-10.2857,0.0832,0.65,,
126,3,2,2,125,127,采样点,1.1178,2.4257,-10.3356,0.082,0.65,,
127,3,2,3,126,128,采样点,1.1622,2.4642,-10.3821,0.0808,0.65,,
128,3,2,4,127,129,采样点,1.202,2.5004,-10.4251,0.0796,0.65,,
129,3,2,5,128,130,采样点,1.2375,2.5345,-10.4649,0.0784,0.65,,
130,3,2,6,129,131,采样点,1.269,2.5666,-10.5015,0.0772,0.65,,
131,3,2,7,130,132,采样点,1.2967,2.5969,-10.5351,0.076,0.65,,
132,3,2,8,131,133,采样点,1.3209,2.6257,-10.5657,0.0748,0.65,,
133,3,2,9,132,134,采样点,1.3418,2.6531,-10.5936,0.0736,0.65,,
134,3,2,10,133,135,采样点,1.3599,2.6792,-10.6188,0.0723,0.65,,
135,3,2,11,134,136,采样点,1.3752,2.7044,-10.6414,0.0711,0.65,,
136,3,2,12,135,137,采样点,1.3882,2.7288,-10.6615,0.0699,0.65,,
137,3,2,13,136,138,采样点,1.399,2.7525,-10.6794,0.0687,0.65,,
138,3,2,14,137,139,采样点,1.408,2.7758,-10.695,0.0675,0.65,,
139,3,2,15,138,140,采样点,1.4154,2.7988,-10.7085,0.0663,0.65,,
140,3,2,16,139,141,采样点,1.4215,2.8217,-10.7201,0.0651,0.65,,
141,3,2,17,140,142,采样点,1.4266,2.8448,-10.7298,0.0639,0.65,,
142,3,2,18,141,143,采样点,1.4309,2.8682,-10.7378,0.0627,0.65,,
143,3,2,19,142,144,采样点,1.4347,2.8921,-10.7441,0.0615,0.65,,
144,3,2,20,143,145,采样点,1.4383,2.9167,-10.749,0.0603,0.65,,
145,3,2,21,144,146,采样点,1.442,2.9421,-10.7525,0.0591,0.65,,
146,3,2,22,145,147,采样点,1.446,2.9687,-10.7547,0.0579,0.65,,
147,3,2,23,146,148,采样点,1.4506,2.9965,-10.7558,0.0567,0.65,,
148,3,2,24,147,149,采样点,1.4561,3.0257,-10.7559,0.0555,0.65,,
149,3,2,25,148,150,采样点,1.4627,3.0566,-10.755,0.0543,0.65,,
150,3,2,26,149,151,采样点,1.4708,3.0892,-10.7534,0.0531,0.65,,
151,3,2,27,150,152,采样点,1.4805,3.1239,-10.7511,0.0519,0.65,,
152,3,2,28,151,153,采样点,1.4923,3.1608,-10.7483,0.0506,0.65,,
153,3,2,29,152,154,采样点,1.5062,3.2001,-10.745,0.0494,0.65,,
154,3,2,30,153,155,采样点,1.5228,3.242,-10.7414,0.0482,0.65,,
155,3,2,31,154,156,采样点,1.542,3.2866,-10.7377,0.047,0.65,,
156,3,2,32,155,157,采样点,1.5644,3.3342,-10.7338,0.0458,0.65,,
157,3,2,33,156,158,采样点,1.5901,3.3849,-10.73,0.0446,0.65,,
158,3,2,34,157,159,采样点,1.6194,3.4389,-10.7264,0.0434,0.65,,
159,3,2,35,158,160,采样点,1.6526,3.4965,-10.723,0.0422,0.65,,
160,3,2,36,159,161,采样点,1.69,3.5578,-10.72,0.041,0.65,,
161,3,2,37,160,162,采样点,1.7318,3.6229,-10.7176,0.0398,0.65,,
162,3,2,38,161,163,采样点,1.7783,3.6922,-10.7158,0.0386,0.65,,
163,3,2,39,162,164,采样点,1.8298,3.7657,-10.7148,0.0374,0.65,,
164,3,2,40,163,165,采样点,1.8865,3.8437,-10.7146,0.0362,0.65,,
165,3,2,41,164,166,采样点,1.9488,3.9264,-10.7154,0.035,0.65,,
166,3,2,42,165,167,采样点,2.0169,4.0139,-10.7174,0.0338,0.65,,
167,3,2,43,166,168,采样点,2.091,4.1064,-10.7205,0.0326,0.65,,
168,3,2,44,167,169,采样点,2.1715,4.2041,-10.725,0.0314,0.65,,
169,3,2,45,168,170,采样点,2.2586,4.3073,-10.731,0.0301,0.65,,
170,3,2,46,169,171,采样点,2.3526,4.416,-10.7386,0.0289,0.65,,
171,3,2,47,170,172,采样点,2.4537,4.5305,-10.7478,0.0277,0.65,,
172,3,2,48,171,173,采样点,2.5624,4.651,-10.7589,0.0265,0.65,,
173,3,2,49,172,,末节点,2.6787,4.7777,-10.772,0.0253,0.65,,5
174,3,2,50,,,控制点1,1.9459,3.0786,-11.1376,0.0844,0.65,,
175,3,2,51,,,控制点2,0.7144,2.6576,-10.5425,0.0844,0.65,,
176,3,3,0,,177,首节点,0.969,2.2913,-10.2394,0.0902,0.65,6,
177,3,3,1,176,178,采样点,0.9954,2.3946,-10.3107,0.0889,0.65,,
178,3,3,2,177,179,采样点,1.0187,2.4921,-10.381,0.0876,0.65,,
179,3,3,3,178,180,采样点,1.0389,2.5837,-10.4501,0.0863,0.65,,
180,3,3,4,179,181,采样点,1.056,2.6698,-10.518,0.085,0.65,,
181,3,3,5,180,182,采样点,1.0701,2.7504,-10.5849,0.0837,0.65,,
182,3,3,6,181,183,采样点,1.0812,2.8257,-10.6506,0.0824,0.65,,
183,3,3,7,182,184,采样点,1.0895,2.896,-10.7153,0.0811,0.65,,
184,3,3,8,183,185,采样点,1.0948,2.9614,-10.7788,0.0799,0.65,,
185,3,3,9,184,186,采样点,1.0974,3.022,-10.8413,0.0786,0.65,,
186,3,3,10,185,187,采样点,1.0972,3.0779,-10.9027,0.0773,0.65,,
187,3,3,11,186,188,采样点,1.0943,3.1295,-10.9631,0.076,0.65,,
188,3,3,12,187,189,采样点,1.0887,3.1768,-11.0224,0.0747,0.65,,
189,3,3,13,188,190,采样点,1.0806,3.22,-11.0807,0.0734,0.65,,
190,3,3,14,189,191,采样点,1.0699,3.2593,-11.138,0.0721,0.65,,
191,3,3,15,190,192,采样点,1.0567,3.2948,-11.1943,0.0708,0.65,,
192,3,3,16,191,193,采样点,1.0411,3.3268,-11.2495,0.0696,0.65,,
193,3,3,17,192,194,采样点,1.023,3.3553,-11.3038,0.0683,0.65,,
194,3,3,18,193,195,采样点,1.0027,3.3805,-11.3571,0.067,0.65,,
195,3,3,19,194,196,采样点,0.9801,3.4027,-11.4094,0.0657,0.65,,
196,3,3,20,195,197,采样点,0.9552,3.4219,-11.4608,0.0644,0.65,,
197,3,3,21,196,198,采样点,0.9282,3.4384,-11.5112,0.0631,0.65,,
198,3,3,22,197,199,采样点,0.899,3.4523,-11.5607,0.0618,0.65,,
199,3,3,23,198,200,采样点,0.8678,3.4638,-11.6093,0.0605,0.65,,
200,3,3,24,199,201,采样点,0.8345,3.473,-11.6569,0.0593,0.65,,
201,3,3,25,200,202,采样点,0.7993,3.4801,-11.7036,0.058,0.65,,
202,3,3,26,201,203,采样点,0.7621,3.4853,-11.7495,0.0567,0.65,,
203,3,3,27,202,204,采样点,0.7231,3.4887,-11.7944,0.0554,0.65,,
204,3,3,28,203,205,采样点,0.6823,3.4906,-11.8385,0.0541,0.65,,
205,3,3,29,204,206,采样点,0.6397,3.491,-11.8817,0.0528,0.65,,
206,3,3,30,205,207,采样点,0.5954,3.4902,-11.924,0.0515,0.65,,
207,3,3,31,206,208,采样点,0.5495,3.4883,-11.9655,0.0502,0.65,,
208,3,3,32,207,209,采样点,0.502,3.4854,-12.0062,0.0489,0.65,,
209,3,3,33,208,210,采样点,0.4529,3.4818,-12.0461,0.0477,0.65,,
210,3,3,34,209,211,采样点,0.4023,3.4776,-12.0851,0.0464,0.65,,
211,3,3,35,210,212,采样点,0.3503,3.473,-12.1234,0.0451,0.65,,
212,3,3,36,211,213,采样点,0.2968,3.4681,-12.1608,0.0438,0.65,,
213,3,3,37,212,214,采样点,0.2421,3.4632,-12.1975,0.0425,0.65,,
214,3,3,38,213,215,采样点,0.186,3.4583,-12.2334,0.0412,0.65,,
215,3,3,39,214,216,采样点,0.1287,3.4537,-12.2685,0.0399,0.65,,
216,3,3,40,215,217,采样点,0.0703,3.4495,-12.3029,0.0386,0.65,,
217,3,3,41,216,218,采样点,0.0107,3.4458,-12.3366,0.0374,0.65,,
218,3,3,42,217,219,采样点,-0.05,3.4429,-12.3695,0.0361,0.65,,
219,3,3,43,218,220,采样点,-0.1117,3.441,-12.4017,0.0348,0.65,,
220,3,3,44,219,221,采样点,-0.1744,3.4401,-12.4332,0.0335,0.65,,
221,3,3,45,220,222,采样点,-0.238,3.4404,-12.464,0.0322,0.65,,
222,3,3,46,221,223,采样点,-0.3024,3.4422,-12.4941,0.0309,0.65,,
223,3,3,47,222,224,采样点,-0.3677,3.4455,-12.5235,0.0296,0.65,,
224,3,3,48,223,225,采样点,-0.4338,3.4506,-12.5523,0.0283,0.65,,
225,3,3,49,224,,末节点,-0.5005,3.4576,-12.5804,0.027,0.65,,7
226,3,3,50,,,控制点1,1.4275,4.0285,-11.4146,0.0902,0.65,,
227,3,3,51,,,控制点2,0.5953,3.3267,-12.1265,0.0902,0.65,,
228,2,4,0,,229,首节点,-1.5345,0.5667,-7.6937,0.12,0.825,8,
229,2,4,1,228,230,采样点,-1.4454,0.5302,-7.9132,0.1183,0.825,,
230,2,4,2,229,231,采样点,-1.3556,0.5024,-8.1253,0.1166,0.825,,
231,2,4,3,230,232,采样点,-1.2654,0.4829,-8.3302,0.1149,0.825,,
232,2,4,4,231,233,采样点,-1.1748,0.4712,-8.528,0.1131,0.825,,
233,2,4,5,232,234,采样点,-1.0839,0.467,-8.719,0.1114,0.825,,
234,2,4,6,233,235,采样点,-0.993,0.4697,-8.9034,0.1097,0.825,,
235,2,4,7,234,236,采样点,-0.9022,0.479,-9.0812,0.108,0.825,,
236,2,4,8,235,237,采样点,-0.8115,0.4945,-9.2527,0.1063,0.825,,
237,2,4,9,236,238,采样点,-0.7212,0.5156,-9.418,0.1046,0.825,,
238,2,4,10,237,239,采样点,-0.6313,0.542,-9.5774,0.1029,0.825,,
239,2,4,11,238,240,采样点,-0.5419,0.5732,-9.731,0.1011,0.825,,
240,2,4,12,239,241,采样点,-0.4533,0.6088,-9.879,0.0994,0.825,,
241,2,4,13,240,242,采样点,-0.3655,0.6483,-10.0216,0.0977,0.825,,
242,2,4,14,241,243,采样点,-0.2787,0.6914,-10.1589,0.096,0.825,,
243,2,4,15,242,244,采样点,-0.193,0.7375,-10.2911,0.0943,0.825,,
244,2,4,16,243,245,采样点,-0.1085,0.7863,-10.4185,0.0926,0.825,,
245,2,4,17,244,246,采样点,-0.0254,0.8374,-10.5411,0.0909,0.825,,
246,2,4,18,245,247,采样点,0.0562,0.8902,-10.6592,0.0891,0.825,,
247,2,4,19,246,248,采样点,0.1362,0.9443,-10.773,0.0874,0.825,,
248,2,4,20,247,249,采样点,0.2144,0.9994,-10.8826,0.0857,0.825,,
249,2,4,21,248,250,采样点,0.2908,1.055,-10.9882,0.084,0.825,,
250,2,4,22,249,251,采样点,0.3651,1.1106,-11.09,0.0823,0.825,,
251,2,4,23,250,252,采样点,0.4372,1.1659,-11.1881,0.0806,0.825,,
252,2,4,24,251,253,采样点,0.507,1.2203,-11.2828,0.0789,0.825,,
253,2,4,25,252,254,采样点,0.5745,1.2735,-11.3743,0.0771,0.825,,
254,2,4,26,253,255,采样点,0.6394,1.325,-11.4626,0.0754,0.825,,
255,2,4,27,254,256,采样点,0.7015,1.3743,-11.548,0.0737,0.825,,
256,2,4,28,255,257,采样点,0.7609,1.4212,-11.6307,0.072,0.825,,
257,2,4,29,256,258,采样点,0.8173,1.465,-11.7108,0.0703,0.825,,
258,2,4,30,257,259,采样点,0.8707,1.5055,-11.7885,0.0686,0.825,,
259,2,4,31,258,260,采样点,0.9208,1.542,-11.864,0.0669,0.825,,
260,2,4,32,259,261,采样点,0.9676,1.5744,-11.9375,0.0651,0.825,,
261,2,4,33,260,262,采样点,1.0109,1.6019,-12.0092,0.0634,0.825,,
262,2,4,34,261,263,采样点,1.0506,1.6244,-12.0792,0.0617,0.825,,
263,2,4,35,262,264,采样点,1.0865,1.6412,-12.1477,0.06,0.825,,
264,2,4,36,263,265,采样点,1.1186,1.652,-12.2149,0.0583,0.825,,
265,2,4,37,264,266,采样点,1.1467,1.6564,-12.281,0.0566,0.825,,
266,2,4,38,265,267,采样点,1.1706,1.6539,-12.3461,0.0549,0.825,,
267,2,4,39,266,268,采样点,1.1903,1.6441,-12.4105,0.0531,0.825,,
268,2,4,40,267,269,采样点,1.2056,1.6265,-12.4742,0.0514,0.825,,
269,2,4,41,268,270,采样点,1.2163,1.6008,-12.5376,0.0497,0.825,,
270,2,4,42,269,271,采样点,1.2224,1.5664,-12.6007,0.048,0.825,,
271,2,4,43,270,272,采样点,1.2237,1.523,-12.6638,0.0463,0.825,,
272,2,4,44,271,273,采样点,1.22,1.47,-12.727,0.0446,0.825,,
273,2,4,45,272,274,采样点,1.2113,1.4072,-12.7906,0.0429,0.825,,
274,2,4,46,273,275,采样点,1.1974,1.334,-12.8546,0.0411,0.825,,
275,2,4,47,274,276,采样点,1.1782,1.25,-12.9192,0.0394,0.825,,
276,2,4,48,275,277,采样点,1.1535,1.1548,-12.9848,0.0377,0.825,,
277,2,4,49,276,,末节点,1.1233,1.048,-13.0513,0.036,0.825,,9
278,2,4,50,,,控制点1,-0.0839,-0.1035,-11.3405,0.12,0.825,,
279,2,4,51,,,控制点2,1.6639,2.8908,-11.9551,0.12,0.825,,
280,3,5,0,,281,首节点,0.8173,1.465,-11.7108,0.0703,0.65,10,
281,3,5,1,280,282,采样点,0.8441,1.5039,-11.7355,0.0693,0.65,,
282,3,5,2,281,283,采样点,0.8691,1.5426,-11.764,0.0683,0.65,,
283,3,5,3,282,284,采样点,0.8927,1.5811,-11.796,0.0673,0.65,,
284,3,5,4,283,285,采样点,0.9148,1.6195,-11.8312,0.0663,0.65,,
285,3,5,5,284,286,采样点,0.9356,1.6576,-11.8695,0.0653,0.65,,
286,3,5,6,285,287,采样点,0.9553,1.6956,-11.9107,0.0643,0.65,,
287,3,5,7,286,288,采样点,0.9739,1.7334,-11.9545,0.0633,0.65,,
288,3,5,8,287,289,采样点,0.9916,1.7711,-12.0008,0.0623,0.65,,
289,3,5,9,288,290,采样点,1.0086,1.8086,-12.0493,0.0612,0.65,,
290,3,5,10,289,291,采样点,1.0249,1.8459,-12.0998,0.0602,0.65,,
291,3,5,11,290,292,采样点,1.0407,1.8831,-12.1522,0.0592,0.65,,
292,3,5,12,291,293,采样点,1.056,1.9202,-12.2061,0.0582,0.65,,
293,3,5,13,292,294,采样点,1.0711,1.9572,-12.2615,0.0572,0.65,,
294,3,5,14,293,295,采样点,1.0861,1.9941,-12.3181,0.0562,0.65,,
295,3,5,15,294,296,采样点,1.101,2.0308,-12.3756,0.0552,0.65,,
296,3,5,16,295,297,采样点,1.116,2.0674,-12.4339,0.0542,0.65,,
297,3,5,17,296,298,采样点,1.1313,2.1039,-12.4928,0.0532,0.65,,
298,3,5,18,297,299,采样点,1.1469,2.1404,-12.552,0.0522,0.65,,
299,3,5,19,298,300,采样点,1.163,2.1767,-12.6114,0.0512,0.65,,
300,3,5,20,299,301,采样点,1.1797,2.213,-12.6708,0.0502,0.65,,
301,3,5,21,300,302,采样点,1.1971,2.2492,-12.7299,0.0492,0.65,,
302,3,5,22,301,303,采样点,1.2154,2.2853,-12.7885,0.0482,0.65,,
303,3,5,23,302,304,采样点,1.2347,2.3214,-12.8464,0.0472,0.65,,
304,3,5,24,303,305,采样点,1.2551,2.3574,-12.9034,0.0462,0.65,,
305,3,5,25,304,306,采样点,1.2768,2.3934,-12.9594,0.0452,0.65,,
306,3,5,26,305,307,采样点,1.2998,2.4293,-13.014,0.0442,0.65,,
307,3,5,27,306,308,采样点,1.3243,2.4652,-13.0671,0.0432,0.65,,
308,3,5,28,307,309,采样点,1.3504,2.5011,-13.1185,0.0422,0.65,,
309,3,5,29,308,310,采样点,1.3783,2.5369,-13.168,0.0412,0.65,,
310,3,5,30,309,311,采样点,1.408,2.5727,-13.2153,0.0402,0.65,,
311,3,5,31,310,312,采样点,1.4398,2.6085,-13.2603,0.0392,0.65,,
312,3,5,32,311,313,采样点,1.4737,2.6444,-13.3027,0.0382,0.65,,
313,3,5,33,312,314,采样点,1.5098,2.6802,-13.3424,0.0372,0.65,,
314,3,5,34,313,315,采样点,1.5483,2.716,-13.3791,0.0361,0.65,,
315,3,5,35,314,316,采样点,1.5893,2.7519,-13.4126,0.0351,0.65,,
316,3,5,36,315,317,采样点,1.6329,2.7877,-13.4427,0.0341,0.65,,
317,3,5,37,316,318,采样点,1.6793,2.8236,-13.4692,0.0331,0.65,,
318,3,5,38,317,319,采样点,1.7286,2.8596,-13.492,0.0321,0.65,,
319,3,5,39,318,320,采样点,1.7809,2.8955,-13.5107,0.0311,0.65,,
320,3,5,40,319,321,采样点,1.8363,2.9316,-13.5251,0.0301,0.65,,
321,3,5,41,320,322,采样点,1.895,2.9677,-13.5352,0.0291,0.65,,
322,3,5,42,321,323,采样点,1.9571,3.0038,-13.5406,0.0281,0.65,,
323,3,5,43,322,324,采样点,2.0227,3.04,-13.5412,0.0271,0.65,,
324,3,5,44,323,325,采样点,2.0919,3.0763,-13.5367,0.0261,0.65,,
325,3,5,45,324,326,采样点,2.1649,3.1127,-13.5269,0.0251,0.65,,
326,3,5,46,325,327,采样点,2.2418,3.1491,-13.5117,0.0241,0.65,,
327,3,5,47,326,328,采样点,2.3227,3.1857,-13.4908,0.0231,0.65,,
328,3,5,48,327,329,采样点,2.4078,3.2224,-13.464,0.0221,0.65,,
329,3,5,49,328,,末节点,2.4971,3.2591,-13.4311,0.0211,0.65,,11
330,3,5,50,,,控制点1,1.2682,2.102,-12.0843,0.0703,0.65,,
331,3,5,51,,,控制点2,1.0024,2.6577,-14.0193,0.0703,0.65,,
332,3,6,0,,333,首节点,0.5745,1.2735,-11.3743,0.0771,0.65,12,
333,3,6,1,332,334,采样点,0.6271,1.3232,-11.4671,0.076,0.65,,
334,3,6,2,333,335,采样点,0.6783,1.3667,-11.5539,0.0749,0.65,,
335,3,6,3,334,336,采样点,0.7281,1.4042,-11.6347,0.0738,0.65,,
336,3,6,4,335,337,采样点,0.7767,1.436,-11.7097,0.0727,0.65,,
337,3,6,5,336,338,采样点,0.8241,1.4623,-11.779,0.0716,0.65,,
338,3,6,6,337,339,采样点,0.8705,1.4834,-11.8427,0.0705,0.65,,
339,3,6,7,338,340,采样点,0.916,1.4996,-11.9012,0.0694,0.65,,
340,3,6,8,339,341,采样点,0.9608,1.511,-11.9544,0.0683,0.65,,
341,3,6,9,340,342,采样点,1.0049,1.5181,-12.0025,0.0672,0.65,,
342,3,6,10,341,343,采样点,1.0484,1.521,-12.0457,0.0661,0.65,,
343,3,6,11,342,344,采样点,1.0915,1.5201,-12.0841,0.065,0.65,,
344,3,6,12,343,345,采样点,1.1343,1.5155,-12.118,0.0639,0.65,,
345,3,6,13,344,346,采样点,1.1769,1.5075,-12.1473,0.0628,0.65,,
346,3,6,14,345,347,采样点,1.2194,1.4964,-12.1723,0.0617,0.65,,
347,3,6,15,346,348,采样点,1.262,1.4825,-12.1932,0.0606,0.65,,
348,3,6,16,347,349,采样点,1.3047,1.466,-12.21,0.0595,0.65,,
349,3,6,17,348,350,采样点,1.3477,1.4472,-12.223,0.0584,0.65,,
350,3,6,18,349,351,采样点,1.3911,1.4264,-12.2323,0.0573,0.65,,
351,3,6,19,350,352,采样点,1.435,1.4038,-12.2379,0.0562,0.65,,
352,3,6,20,351,353,采样点,1.4795,1.3796,-12.2402,0.0551,0.65,,
353,3,6,21,352,354,采样点,1.5248,1.3542,-12.2392,0.054,0.65,,
354,3,6,22,353,355,采样点,1.5709,1.3278,-12.235,0.0529,0.65,,
355,3,6,23,354,356,采样点,1.618,1.3006,-12.2279,0.0518,0.65,,
356,3,6,24,355,357,采样点,1.6662,1.273,-12.218,0.0507,0.65,,
357,3,6,25,356,358,采样点,1.7157,1.2451,-12.2054,0.0496,0.65,,
358,3,6,26,357,359,采样点,1.7664,1.2173,-12.1903,0.0485,0.65,,
359,3,6,27,358,360,采样点,1.8186,1.1898,-12.1728,0.0474,0.65,,
360,3,6,28,359,361,采样点,1.8724,1.1629,-12.1531,0.0463,0.65,,
361,3,6,29,360,362,采样点,1.9279,1.1369,-12.1313,0.0452,0.65,,
362,3,6,30,361,363,采样点,1.9851,1.1119,-12.1076,0.0441,0.65,,
363,3,6,31,362,364,采样点,2.0443,1.0883,-12.0821,0.043,0.65,,
364,3,6,32,363,365,采样点,2.1055,1.0664,-12.055,0.0419,0.65,,
365,3,6,33,364,366,采样点,2.1689,1.0463,-12.0264,0.0408,0.65,,
366,3,6,34,365,367,采样点,2.2345,1.0283,-11.9965,0.0397,0.65,,
367,3,6,35,366,368,采样点,2.3025,1.0128,-11.9654,0.0386,0.65,,
368,3,6,36,367,369,采样点,2.3731,1.0,-11.9333,0.0375,0.65,,
369,3,6,37,368,370,采样点,2.4462,0.9901,-11.9003,0.0364,0.65,,
370,3,6,38,369,371,采样点,2.5221,0.9834,-11.8666,0.0353,0.65,,
371,3,6,39,370,372,采样点,2.6008,0.9802,-11.8323,0.0342,0.65,,
372,3,6,40,371,373,采样点,2.6826,0.9807,-11.7976,0.0331,0.65,,
373,3,6,41,372,374,采样点,2.7674,0.9852,-11.7626,0.032,0.65,,
374,3,6,42,373,375,采样点,2.8554,0.994,-11.7275,0.0309,0.65,,
375,3,6,43,374,376,采样点,2.9467,1.0072,-11.6924,0.0298,0.65,,
376,3,6,44,375,377,采样点,3.0415,1.0253,-11.6575,0.0287,0.65,,
377,3,6,45,376,378,采样点,3.1399,1.0484,-11.6229,0.0276,0.65,,
378,3,6,46,377,379,采样点,3.2419,1.0768,-11.5888,0.0264,0.65,,
379,3,6,47,378,380,采样点,3.3477,1.1108,-11.5553,0.0253,0.65,,
380,3,6,48,379,381,采样点,3.4575,1.1506,-11.5226,0.0242,0.65,,
381,3,6,49,380,,末节点,3.5712,1.1965,-11.4908,0.0231,0.65,,13
382,3,6,50,,,控制点1,1.4473,2.1385,-12.942,0.0771,0.65,,
383,3,6,51,,,控制点2,1.6795,0.3956,-12.0017,0.0771,0.65,,
384,2,7,0,,385,首节点,-1.7657,0.9596,-8.4325,0.0943,0.825,14,
385,2,7,1,384,386,采样点,-1.8223,0.7842,-8.7543,0.0929,0.825,,
386,2,7,2,385,387,采样点,-1.8747,0.6172,-9.0562,0.0916,0.825,,
387,2,7,3,386,388,采样点,-1.9228,0.4582,-9.339,0.0902,0.825,,
388,2,7,4,387,389,采样点,-1.967,0.3071,-9.6034,0.0889,0.825,,
389,2,7,5,388,390,采样点,-2.0075,0.1636,-9.85,0.0876,0.825,,
390,2,7,6,389,391,采样点,-2.0443,0.0276,-10.0795,0.0862,0.825,,
391,2,7,7,390,392,采样点,-2.0777,-0.1013,-10.2926,0.0849,0.825,,
392,2,7,8,391,393,采样点,-2.1078,-0.2232,-10.49,0.0835,0.825,,
393,2,7,9,392,394,采样点,-2.1349,-0.3384,-10.6723,0.0822,0.825,,
394,2,7,10,393,395,采样点,-2.159,-0.4471,-10.8404,0.0808,0.825,,
395,2,7,11,394,396,采样点,-2.1805,-0.5495,-10.9948,0.0795,0.825,,
396,2,7,12,395,397,采样点,-2.1994,-0.6459,-11.1362,0.0781,0.825,,
397,2,7,13,396,398,采样点,-2.216,-0.7364,-11.2654,0.0768,0.825,,
398,2,7,14,397,399,采样点,-2.2305,-0.8213,-11.383,0.0754,0.825,,
399,2,7,15,398,400,采样点,-2.2429,-0.9009,-11.4897,0.0741,0.825,,
400,2,7,16,399,401,采样点,-2.2535,-0.9753,-11.5862,0.0727,0.825,,
401,2,7,17,400,402,采样点,-2.2626,-1.0447,-11.6732,0.0714,0.825,,
402,2,7,18,401,403,采样点,-2.2701,-1.1095,-11.7513,0.07,0.825,,
403,2,7,19,402,404,采样点,-2.2764,-1.1698,-11.8213,0.0687,0.825,,
404,2,7,20,403,405,采样点,-2.2817,-1.2258,-11.8839,0.0673,0.825,,
405,2,7,21,404,406,采样点,-2.286,-1.2778,-11.9397,0.066,0.825,,
406,2,7,22,405,407,采样点,-2.2896,-1.326,-11.9894,0.0647,0.825,,
407,2,7,23,406,408,采样点,-2.2926,-1.3706,-12.0337,0.0633,0.825,,
408,2,7,24,407,409,采样点,-2.2953,-1.4119,-12.0733,0.062,0.825,,
409,2,7,25,408,410,采样点,-2.2978,-1.45,-12.109,0.0606,0.825,,
410,2,7,26,409,411,采样点,-2.3004,-1.4853,-12.1412,0.0593,0.825,,
411,2,7,27,410,412,采样点,-2.303,-1.5178,-12.1709,0.0579,0.825,,
412,2,7,28,411,413,采样点,-2.3061,-1.5479,-12.1985,0.0566,0.825,,
413,2,7,29,412,414,采样点,-2.3097,-1.5758,-12.225,0.0552,0.825,,
414,2,7,30,413,415,采样点,-2.314,-1.6017,-12.2508,0.0539,0.825,,
415,2,7,31,414,416,采样点,-2.3192,-1.6257,-12.2767,0.0525,0.825,,
416,2,7,32,415,417,采样点,-2.3255,-1.6483,-12.3035,0.0512,0.825,,
417,2,7,33,416,418,采样点,-2.3331,-1.6695,-12.3317,0.0498,0.825,,
418,2,7,34,417,419,采样点,-2.3421,-1.6896,-12.3621,0.0485,0.825,,
419,2,7,35,418,420,采样点,-2.3527,-1.7088,-12.3954,0.0471,0.825,,
420,2,7,36,419,421,采样点,-2.3652,-1.7274,-12.4322,0.0458,0.825,,
421,2,7,37,420,422,采样点,-2.3796,-1.7456,-12.4733,0.0444,0.825,,
422,2,7,38,421,423,采样点,-2.3962,-1.7635,-12.5192,0.0431,0.825,,
423,2,7,39,422,424,采样点,-2.4151,-1.7815,-12.5708,0.0418,0.825,,
424,2,7,40,423,425,采样点,-2.4366,-1.7998,-12.6287,0.0404,0.825,,
425,2,7,41,424,426,采样点,-2.4607,-1.8185,-12.6936,0.0391,0.825,,
426,2,7,42,425,427,采样点,-2.4878,-1.8379,-12.7661,0.0377,0.825,,
427,2,7,43,426,428,采样点,-2.5179,-1.8582,-12.847,0.0364,0.825,,
428,2,7,44,427,429,采样点,-2.5513,-1.8797,-12.937,0.035,0.825,,
429,2,7,45,428,430,采样点,-2.5881,-1.9025,-13.0367,0.0337,0.825,,
430,2,7,46,429,431,采样点,-2.6285,-1.927,-13.1468,0.0323,0.825,,
431,2,7,47,430,432,采样点,-2.6726,-1.9532,-13.268,0.031,0.825,,
432,2,7,48,431,433,采样点,-2.7208,-1.9816,-13.4011,0.0296,0.825,,
433,2,7,49,432,,末节点,-2.7731,-2.0122,-13.5466,0.0283,0.825,,15
434,2,7,50,,,控制点1,-2.7275,-1.9734,-13.8539,0.0943,0.825,,
435,2,7,51,,,控制点2,-1.8838,-1.4926,-11.064,0.0943,0.825,,
436,3,8,0,,437,首节点,-2.3331,-1.6695,-12.3317,0.0498,0.65,16,
437,3,8,1,436,438,采样点,-2.4081,-1.7633,-12.3972,0.0491,0.65,,
438,3,8,2,437,439,采样点,-2.4769,-1.8514,-12.4583,0.0484,0.65,,
439,3,8,3,438,440,采样点,-2.5397,-1.9339,-12.515,0.0477,0.65,,
440,3,8,4,439,441,采样点,-2.5968,-2.0109,-12.5677,0.047,0.65,,
441,3,8,5,440,442,采样点,-2.6487,-2.0828,-12.6165,0.0463,0.65,,
442,3,8,6,441,443,采样点,-2.6954,-2.1497,-12.6617,0.0456,0.65,,
443,3,8,7,442,444,采样点,-2.7374,-2.2117,-12.7035,0.0449,0.65,,
444,3,8,8,443,445,采样点,-2.775,-2.2691,-12.7421,0.0441,0.65,,
445,3,8,9,444,446,采样点,-2.8084,-2.322,-12.7777,0.0434,0.65,,
446,3,8,10,445,447,采样点,-2.838,-2.3706,-12.8105,0.0427,0.65,,
447,3,8,11,446,448,采样点,-2.8641,-2.4152,-12.8408,0.042,0.65,,
448,3,8,12,447,449,采样点,-2.887,-2.4558,-12.8688,0.0413,0.65,,
449,3,8,13,448,450,采样点,-2.9069,-2.4928,-12.8947,0.0406,0.65,,
450,3,8,14,449,451,采样点,-2.9242,-2.5263,-12.9187,0.0399,0.65,,
451,3,8,15,450,452,采样点,-2.9392,-2.5564,-12.9411,0.0392,0.65,,
452,3,8,16,451,453,采样点,-2.9522,-2.5833,-12.962,0.0384,0.65,,
453,3,8,17,452,454,采样点,-2.9635,-2.6073,-12.9816,0.0377,0.65,,
454,3,8,18,453,455,采样点,-2.9734,-2.6286,-13.0003,0.037,0.65,,
455,3,8,19,454,456,采样点,-2.9822,-2.6472,-13.0181,0.0363,0.65,,
456,3,8,20,455,457,采样点,-2.9902,-2.6635,-13.0354,0.0356,0.65,,
457,3,8,21,456,458,采样点,-2.9977,-2.6776,-13.0524,0.0349,0.65,,
458,3,8,22,457,459,采样点,-3.0051,-2.6896,-13.0691,0.0342,0.65,,
459,3,8,23,458,460,采样点,-3.0125,-2.6998,-13.086,0.0335,0.65,,
460,3,8,24,459,461,采样点,-3.0204,-2.7084,-13.1032,0.0327,0.65,,
461,3,8,25,460,462,采样点,-3.0289,-2.7155,-13.1209,0.032,0.65,,
462,3,8,26,461,463,采样点,-3.0386,-2.7213,-13.1393,0.0313,0.65,,
463,3,8,27,462,464,采样点,-3.0495,-2.7261,-13.1587,0.0306,0.65,,
464,3,8,28,463,465,采样点,-3.0621,-2.73,-13.1792,0.0299,0.65,,
465,3,8,29,464,466,采样点,-3.0766,-2.7331,-13.2012,0.0292,0.65,,
466,3,8,30,465,467,采样点,-3.0934,-2.7358,-13.2247,0.0285,0.65,,
467,3,8,31,466,468,采样点,-3.1127,-2.7381,-13.2501,0.0278,0.65,,
468,3,8,32,467,469,采样点,-3.1348,-2.7403,-13.2775,0.0271,0.65,,
469,3,8,33,468,470,采样点,-3.1602,-2.7425,-13.3072,0.0263,0.65,,
470,3,8,34,469,471,采样点,-3.1889,-2.7449,-13.3393,0.0256,0.65,,
471,3,8,35,470,472,采样点,-3.2215,-2.7478,-13.3742,0.0249,0.65,,
472,3,8,36,471,473,采样点,-3.2581,-2.7513,-13.412,0.0242,0.65,,
473,3,8,37,472,474,采样点,-3.299,-2.7556,-13.4529,0.0235,0.65,,
474,3,8,38,473,475,采样点,-3.3447,-2.7608,-13.4971,0.0228,0.65,,
475,3,8,39,474,476,采样点,-3.3953,-2.7673,-13.545,0.0221,0.65,,
476,3,8,40,475,477,采样点,-3.4512,-2.7751,-13.5966,0.0214,0.65,,
477,3,8,41,476,478,采样点,-3.5127,-2.7844,-13.6522,0.0206,0.65,,
478,3,8,42,477,479,采样点,-3.5801,-2.7955,-13.7121,0.0199,0.65,,
479,3,8,43,478,480,采样点,-3.6536,-2.8085,-13.7764,0.0192,0.65,,
480,3,8,44,479,481,采样点,-3.7337,-2.8236,-13.8454,0.0185,0.65,,
481,3,8,45,480,482,采样点,-3.8205,-2.841,-13.9192,0.0178,0.65,,
482,3,8,46,481,483,采样点,-3.9145,-2.8608,-13.9982,0.0171,0.65,,
483,3,8,47,482,484,采样点,-4.0159,-2.8834,-14.0825,0.0164,0.65,,
484,3,8,48,483,485,采样点,-4.125,-2.9088,-14.1723,0.0157,0.65,,
485,3,8,49,484,,末节点,-4.2421,-2.9373,-14.2679,0.015,0.65,,17
486,3,8,50,,,控制点1,-3.6113,-3.2502,-13.4399,0.0498,0.65,,
487,3,8,51,,,控制点2,-2.2624,-2.4465,-12.6588,0.0498,0.65,,
488,3,9,0,,489,首节点,-2.1994,-0.6459,-11.1362,0.0781,0.65,18,
489,3,9,1,488,490,采样点,-2.1104,-0.6628,-11.2051,0.077,0.65,,
490,3,9,2,489,491,采样点,-2.0265,-0.6818,-11.2708,0.0759,0.65,,
491,3,9,3,490,492,采样点,-1.9475,-0.7027,-11.3334,0.0748,0.65,,
492,3,9,4,491,493,采样点,-1.8732,-0.7256,-11.393,0.0737,0.65,,
493,3,9,5,492,494,采样点,-1.8037,-0.7505,-11.4496,0.0725,0.65,,
494,3,9,6,493,495,采样点,-1.7387,-0.7773,-11.5033,0.0714,0.65,,
495,3,9,7,494,496,采样点,-1.6782,-0.8059,-11.5543,0.0703,0.65,,
496,3,9,8,495,497,采样点,-1.622,-0.8365,-11.6026,0.0692,0.65,,
497,3,9,9,496,498,采样点,-1.5701,-0.8688,-11.6483,0.0681,0.65,,
498,3,9,10,497,499,采样点,-1.5222,-0.9029,-11.6915,0.067,0.65,,
499,3,9,11,498,500,采样点,-1.4783,-0.9388,-11.7323,0.0658,0.65,,
500,3,9,12,499,501,采样点,-1.4382,-0.9765,-11.7707,0.0647,0.65,,
501,3,9,13,500,502,采样点,-1.4019,-1.0158,-11.8069,0.0636,0.65,,
502,3,9,14,501,503,采样点,-1.3692,-1.0568,-11.8409,0.0625,0.65,,
503,3,9,15,502,504,采样点,-1.34,-1.0995,-11.8729,0.0614,0.65,,
504,3,9,16,503,505,采样点,-1.3142,-1.1437,-11.9028,0.0603,0.65,,
505,3,9,17,504,506,采样点,-1.2917,-1.1896,-11.9309,0.0591,0.65,,
506,3,9,18,505,507,采样点,-1.2723,-1.237,-11.9572,0.058,0.65,,
507,3,9,19,506,508,采样点,-1.2559,-1.286,-11.9817,0.0569,0.65,,
508,3,9,20,507,509,采样点,-1.2425,-1.3365,-12.0046,0.0558,0.65,,
509,3,9,21,508,510,采样点,-1.2318,-1.3884,-12.0259,0.0547,0.65,,
510,3,9,22,509,511,采样点,-1.2238,-1.4418,-12.0458,0.0536,0.65,,
511,3,9,23,510,512,采样点,-1.2184,-1.4965,-12.0643,0.0525,0.65,,
512,3,9,24,511,513,采样点,-1.2154,-1.5527,-12.0816,0.0513,0.65,,
513,3,9,25,512,514,采样点,-1.2147,-1.6102,-12.0976,0.0502,0.65,,
514,3,9,26,513,515,采样点,-1.2162,-1.6691,-12.1125,0.0491,0.65,,
515,3,9,27,514,516,采样点,-1.2198,-1.7292,-12.1264,0.048,0.65,,
516,3,9,28,515,517,采样点,-1.2253,-1.7906,-12.1393,0.0469,0.65,,
517,3,9,29,516,518,采样点,-1.2327,-1.8532,-12.1514,0.0458,0.65,,
518,3,9,30,517,519,采样点,-1.2418,-1.9171,-12.1627,0.0446,0.65,,
519,3,9,31,518,520,采样点,-1.2526,-1.9821,-12.1734,0.0435,0.65,,
520,3,9,32,519,521,采样点,-1.2648,-2.0483,-12.1835,0.0424,0.65,,
521,3,9,33,520,522,采样点,-1.2783,-2.1155,-12.193,0.0413,0.65,,
522,3,9,34,521,523,采样点,-1.2932,-2.1839,-12.2022,0.0402,0.65,,
523,3,9,35,522,524,采样点,-1.3091,-2.2534,-12.211,0.0391,0.65,,
524,3,9,36,523,525,采样点,-1.3261,-2.3238,-12.2196,0.0379,0.65,,
525,3,9,37,524,526,采样点,-1.344,-2.3953,-12.228,0.0368,0.65,,
526,3,9,38,525,527,采样点,-1.3626,-2.4677,-12.2364,0.0357,0.65,,
527,3,9,39,526,528,采样点,-1.3819,-2.5411,-12.2448,0.0346,0.65,,
528,3,9,40,527,529,采样点,-1.4018,-2.6154,-12.2533,0.0335,0.65,,
529,3,9,41,528,530,采样点,-1.422,-2.6905,-12.262,0.0324,0.65,,
530,3,9,42,529,531,采样点,-1.4426,-2.7666,-12.2709,0.0312,0.65,,
531,3,9,43,530,532,采样点,-1.4634,-2.8434,-12.2803,0.0301,0.65,,
532,3,9,44,531,533,采样点,-1.4842,-2.9211,-12.2901,0.029,0.65,,
533,3,9,45,532,534,采样点,-1.5049,-2.9995,-12.3004,0.0279,0.65,,
534,3,9,46,533,535,采样点,-1.5255,-3.0786,-12.3114,0.0268,0.65,,
535,3,9,47,534,536,采样点,-1.5458,-3.1584,-12.3231,0.0257,0.65,,
536,3,9,48,535,537,采样点,-1.5657,-3.239,-12.3356,0.0246,0.65,,
537,3,9,49,536,,末节点,-1.5851,-3.3201,-12.3491,0.0234,0.65,,19
538,3,9,50,,,控制点1,-0.704,-0.9056,-12.2885,0.0781,0.65,,
539,3,9,51,,,控制点2,-1.2737,-1.9892,-12.1223,0.0781,0.65,,
